nest_qualities, num_ants, pop_coeff, lambda_sigmoid, QUORUM_THRE, QUORUM_OFFSET, search_find, follow_find, lead_forward, transport, run_number, score, conv_nest, conv_nest_quality, avg_rounds_til_empty, avg_brood_good, avg_pop_good_nest
nest_qualities, num_ants, pop_coeff, lambda_sigmoid, QUORUM_THRE, QUORUM_OFFSET, search_find, follow_find, lead_forward, transport, run_number, score, conv_nest, conv_nest_quality, avg_rounds_til_empty, avg_brood_good, avg_pop_good_nest
nest_qualities, num_ants, pop_coeff, lambda_sigmoid, QUORUM_THRE, QUORUM_OFFSET, search_find, follow_find, lead_forward, transport, run_number, score, conv_nest, conv_nest_quality, avg_rounds_til_empty, avg_brood_good, avg_pop_good_nest
nest_qualities, num_ants, pop_coeff, lambda_sigmoid, QUORUM_THRE, QUORUM_OFFSET, search_find, follow_find, lead_forward, transport, run_number, score, conv_nest, conv_nest_quality, avg_rounds_til_empty, avg_brood_good, avg_pop_good_nest
nest_qualities, num_ants, pop_coeff, lambda_sigmoid, QUORUM_THRE, QUORUM_OFFSET, search_find, follow_find, lead_forward, transport, run_number, score, conv_nest, conv_nest_quality, avg_rounds_til_empty, avg_brood_good, avg_pop_good_nest
nest_qualities, num_ants, pop_coeff, lambda_sigmoid, QUORUM_THRE, QUORUM_OFFSET, search_find, follow_find, lead_forward, transport, run_number, score, conv_nest, conv_nest_quality, avg_rounds_til_empty, avg_brood_good, avg_pop_good_nest
nest_qualities, num_ants, pop_coeff, lambda_sigmoid, QUORUM_THRE, QUORUM_OFFSET, search_find, follow_find, lead_forward, transport, run_number, score, conv_nest, conv_nest_quality, avg_rounds_til_empty, avg_brood_good, avg_pop_good_nest
nest_qualities, num_ants, pop_coeff, lambda_sigmoid, QUORUM_THRE, QUORUM_OFFSET, search_find, follow_find, lead_forward, transport, run_number, score, conv_nest, conv_nest_quality, avg_rounds_til_empty, avg_brood_good, avg_pop_good_nest
nest_qualities, num_ants, pop_coeff, lambda_sigmoid, QUORUM_THRE, QUORUM_OFFSET, search_find, follow_find, lead_forward, transport, run_number, score, conv_nest, conv_nest_quality, avg_rounds_til_empty, avg_brood_good, avg_pop_good_nest
nest_qualities, num_ants, pop_coeff, lambda_sigmoid, QUORUM_THRE, QUORUM_OFFSET, search_find, follow_find, lead_forward, transport, run_number, score, conv_nest, conv_nest_quality, avg_rounds_til_empty, avg_brood_good, avg_pop_good_nest
nest_qualities, num_ants, pop_coeff, lambda_sigmoid, QUORUM_THRE, QUORUM_OFFSET, search_find, follow_find, lead_forward, transport, run_number, score, conv_nest, conv_nest_quality, avg_rounds_til_empty, avg_brood_good, avg_pop_good_nest
nest_qualities, num_ants, pop_coeff, lambda_sigmoid, QUORUM_THRE, QUORUM_OFFSET, search_find, follow_find, lead_forward, transport, run_number, score, conv_nest, conv_nest_quality, avg_rounds_til_empty, avg_brood_good, avg_pop_good_nest
nest_qualities, num_ants, pop_coeff, lambda_sigmoid, QUORUM_THRE, QUORUM_OFFSET, search_find, follow_find, lead_forward, transport, run_number, score, conv_nest, conv_nest_quality, avg_rounds_til_empty, avg_brood_good, avg_pop_good_nest
"[0.0, 1.0, 1.0]", 200, 0.35, 8.0, 0.03, 0, 0.005, 0.4, 0.6, 0.7, 0, 0.000851063829787234, 2, 1.0, 1374, 0.0,200
"[0.0, 1.0, 1.0]", 200, 0.35, 8.0, 0.06, 0, 0.005, 0.4, 0.6, 0.7, 0, 0.0006997900629811056, 1, 1.0, 1628, 1.0,0
"[0.0, 1.0, 1.0]", 200, 0.35, 8.0, 0.09, 0, 0.005, 0.4, 0.6, 0.7, 0, 0.0007751937984496124, 1, 1.0, 1489, 1.0,0
"[0.0, 1.0, 1.0]", 200, 0.35, 8.0, 0.12, 0, 0.005, 0.4, 0.6, 0.7, 0, 0.0028089887640449437, 1, 1.0, 555, 1.0,5
"[0.0, 1.0, 1.0]", 200, 0.35, 8.0, 0.15, 0, 0.005, 0.4, 0.6, 0.7, 0, 0.001697792869269949, 2, 1.0, 788, 0.0,200
"[0.0, 1.0, 1.0]", 200, 0.35, 8.0, 0.18, 0, 0.005, 0.4, 0.6, 0.7, 0, 0.0015503875968992248, 2, 1.0, 844, 0.0,200
"[0.0, 1.0, 1.0]", 200, 0.35, 8.0, 0.21, 0, 0.005, 0.4, 0.6, 0.7, 0, 0.0015313935681470138, 2, 1.0, 852, 0.0,200
"[0.0, 1.0, 1.0]", 200, 0.35, 8.0, 0.24, 0, 0.005, 0.4, 0.6, 0.7, 0, 0.0010570824524312897, 1, 1.0, 1145, 1.0,0
"[0.0, 1.0, 1.0]", 200, 0.35, 8.0, 0.27, 0, 0.005, 0.4, 0.6, 0.7, 0, 0.0027624309392265192, 2, 1.0, 561, 0.0,200
"[0.0, 1.0, 1.0]", 200, 0.35, 8.0, 0.3, 0, 0.005, 0.4, 0.6, 0.7, 0, 0.0018587360594795538, 2, 1.0, 737, 0.0,197
"[0.0, 1.0, 1.0]", 200, 0.35, 8.0, 0.33, 0, 0.005, 0.4, 0.6, 0.7, 0, 0.001589825119236884, 1, 1.0, 828, 1.0,2
"[0.0, 1.0, 1.0]", 200, 0.35, 8.0, 0.36, 0, 0.005, 0.4, 0.6, 0.7, 0, 0.002898550724637681, 1, 1.0, 544, 1.0,3
"[0.0, 1.0, 1.0]", 200, 0.35, 8.0, 0.39, 0, 0.005, 0.4, 0.6, 0.7, 0, 0, -1, -100, 1999, 0,19
nest_qualities, num_ants, pop_coeff, lambda_sigmoid, QUORUM_THRE, QUORUM_OFFSET, search_find, follow_find, lead_forward, transport, run_number, score, conv_nest, conv_nest_quality, avg_rounds_til_empty, avg_brood_good, avg_pop_good_nest
"[0.0, 1.0, 2.0]", 200, 0.35, 8.0, 0.03, 0, 0.005, 0.4, 0.6, 0.7, 0, 0.0021929824561403508, 2, 2.0, 655, 0.99,186
"[0.0, 1.0, 2.0]", 200, 0.35, 8.0, 0.06, 0, 0.005, 0.4, 0.6, 0.7, 0, 0.0017331022530329288, 2, 2.0, 776, 1.0,200
"[0.0, 1.0, 2.0]", 200, 0.35, 8.0, 0.09, 0, 0.005, 0.4, 0.6, 0.7, 0, 0.004273504273504274, 2, 2.0, 433, 1.0,200
"[0.0, 1.0, 2.0]", 200, 0.35, 8.0, 0.12, 0, 0.005, 0.4, 0.6, 0.7, 0, 0.0010193679918450561, 2, 2.0, 1180, 1.0,200
"[0.0, 1.0, 2.0]", 200, 0.35, 8.0, 0.15, 0, 0.005, 0.4, 0.6, 0.7, 0, 0.0008481764206955047, 2, 2.0, 1378, 1.0,199
"[0.0, 1.0, 2.0]", 200, 0.35, 8.0, 0.18, 0, 0.005, 0.4, 0.6, 0.7, 0, 0.0013351134846461949, 2, 2.0, 948, 1.0,200
"[0.0, 1.0, 2.0]", 200, 0.35, 8.0, 0.21, 0, 0.005, 0.4, 0.6, 0.7, 0, 0.004329004329004329, 2, 2.0, 430, 1.0,200
"[0.0, 1.0, 2.0]", 200, 0.35, 8.0, 0.24, 0, 0.005, 0.4, 0.6, 0.7, 0, 0.0047169811320754715, 2, 2.0, 411, 1.0,200
"[0.0, 1.0, 2.0]", 200, 0.35, 8.0, 0.27, 0, 0.005, 0.4, 0.6, 0.7, 0, 0.0035460992907801418, 2, 2.0, 481, 1.0,200
"[0.0, 1.0, 2.0]", 200, 0.35, 8.0, 0.3, 0, 0.005, 0.4, 0.6, 0.7, 0, 0.0024509803921568627, 1, 1.0, 607, 0.0,3
"[0.0, 1.0, 2.0]", 200, 0.35, 8.0, 0.33, 0, 0.005, 0.4, 0.6, 0.7, 0, 0.0031746031746031746, 2, 2.0, 514, 1.0,199
"[0.0, 1.0, 2.0]", 200, 0.35, 8.0, 0.36, 0, 0.005, 0.4, 0.6, 0.7, 0, 0.004329004329004329, 2, 2.0, 430, 1.0,200
"[0.0, 1.0, 2.0]", 200, 0.35, 8.0, 0.39, 0, 0.005, 0.4, 0.6, 0.7, 0, 0.002544529262086514, 2, 2.0, 592, 1.0,200
nest_qualities, num_ants, pop_coeff, lambda_sigmoid, QUORUM_THRE, QUORUM_OFFSET, search_find, follow_find, lead_forward, transport, run_number, score, conv_nest, conv_nest_quality, avg_rounds_til_empty, avg_brood_good, avg_pop_good_nest
"[0.0, 1.0, 2.0]", 200, 0.35, 8.0, 0.03, 0, 0.005, 0.4, 0.6, 0.7, 0, 0.0028089887640449437, 2, 2.0, 555, 1.0,195
"[0.0, 1.0, 2.0]", 200, 0.35, 8.0, 0.06, 0, 0.005, 0.4, 0.6, 0.7, 0, 0.003436426116838488, 2, 2.0, 490, 1.0,200
"[0.0, 1.0, 2.0]", 200, 0.35, 8.0, 0.09, 0, 0.005, 0.4, 0.6, 0.7, 0, 0.0028735632183908046, 2, 2.0, 547, 1.0,198
"[0.0, 1.0, 2.0]", 200, 0.35, 8.0, 0.12, 0, 0.005, 0.4, 0.6, 0.7, 0, 0.0012195121951219512, 2, 2.0, 1019, 1.0,200
"[0.0, 1.0, 2.0]", 200, 0.35, 8.0, 0.15, 0, 0.005, 0.4, 0.6, 0.7, 0, 0.0019267822736030828, 2, 2.0, 718, 1.0,184
"[0.0, 1.0, 2.0]", 200, 0.35, 8.0, 0.18, 0, 0.005, 0.4, 0.6, 0.7, 0, 0.0014970059880239522, 2, 2.0, 867, 1.0,200
"[0.0, 1.0, 2.0]", 200, 0.35, 8.0, 0.21, 0, 0.005, 0.4, 0.6, 0.7, 0, 0.002976190476190476, 1, 1.0, 535, 0.0,0
"[0.0, 1.0, 2.0]", 200, 0.35, 8.0, 0.24, 0, 0.005, 0.4, 0.6, 0.7, 0, 0.0016286644951140066, 2, 2.0, 813, 1.0,196
"[0.0, 1.0, 2.0]", 200, 0.35, 8.0, 0.27, 0, 0.005, 0.4, 0.6, 0.7, 0, 0.003937007874015748, 2, 2.0, 453, 1.0,200
"[0.0, 1.0, 2.0]", 200, 0.35, 8.0, 0.3, 0, 0.005, 0.4, 0.6, 0.7, 0, 0.0033112582781456954, 2, 2.0, 501, 1.0,199
"[0.0, 1.0, 2.0]", 200, 0.35, 8.0, 0.33, 0, 0.005, 0.4, 0.6, 0.7, 0, 0.0035460992907801418, 2, 2.0, 481, 1.0,200
"[0.0, 1.0, 2.0]", 200, 0.35, 8.0, 0.36, 0, 0.005, 0.4, 0.6, 0.7, 0, 0.0024271844660194173, 2, 2.0, 611, 1.0,200
"[0.0, 1.0, 2.0]", 200, 0.35, 8.0, 0.39, 0, 0.005, 0.4, 0.6, 0.7, 0, 0.002364066193853428, 1, 1.0, 622, 0.0,0
nest_qualities, num_ants, pop_coeff, lambda_sigmoid, QUORUM_THRE, QUORUM_OFFSET, search_find, follow_find, lead_forward, transport, run_number, score, conv_nest, conv_nest_quality, avg_rounds_til_empty, avg_brood_good, avg_pop_good_nest
"[0.0, 1.0, 2.0]", 200, 0.35, 8.0, 0.03, 0, 0.005, 0.4, 0.6, 0.7, 0, 0.0010582010582010583, 2, 2.0, 1144, 1.0,200
"[0.0, 1.0, 2.0]", 200, 0.35, 8.0, 0.06, 0, 0.005, 0.4, 0.6, 0.7, 0, 0.0013089005235602095, 2, 2.0, 963, 1.0,200
"[0.0, 1.0, 2.0]", 200, 0.35, 8.0, 0.09, 0, 0.005, 0.4, 0.6, 0.7, 0, 0.0040650406504065045, 2, 2.0, 445, 1.0,200
"[0.0, 1.0, 2.0]", 200, 0.35, 8.0, 0.12, 0, 0.005, 0.4, 0.6, 0.7, 0, 0.004807692307692308, 2, 2.0, 407, 1.0,199
"[0.0, 1.0, 2.0]", 200, 0.35, 8.0, 0.15, 0, 0.005, 0.4, 0.6, 0.7, 0, 0.0007961783439490446, 2, 2.0, 1455, 1.0,200
"[0.0, 1.0, 2.0]", 200, 0.35, 8.0, 0.18, 0, 0.005, 0.4, 0.6, 0.7, 0, 0.0017301038062283738, 2, 2.0, 777, 1.0,199
"[0.0, 1.0, 2.0]", 200, 0.35, 8.0, 0.21, 0, 0.005, 0.4, 0.6, 0.7, 0, 0.0037174721189591076, 2, 2.0, 468, 1.0,197
"[0.0, 1.0, 2.0]", 200, 0.35, 8.0, 0.24, 0, 0.005, 0.4, 0.6, 0.7, 0, 0.0037313432835820895, 1, 1.0, 467, 0.0,0
"[0.0, 1.0, 2.0]", 200, 0.35, 8.0, 0.27, 0, 0.005, 0.4, 0.6, 0.7, 0, 0.007692307692307693, 2, 2.0, 329, 1.0,200
"[0.0, 1.0, 2.0]", 200, 0.35, 8.0, 0.3, 0, 0.005, 0.4, 0.6, 0.7, 0, 0.002898550724637681, 2, 2.0, 544, 1.0,200
"[0.0, 1.0, 2.0]", 200, 0.35, 8.0, 0.33, 0, 0.005, 0.4, 0.6, 0.7, 0, 0.003289473684210526, 2, 2.0, 503, 1.0,200
"[0.0, 1.0, 2.0]", 200, 0.35, 8.0, 0.36, 0, 0.005, 0.4, 0.6, 0.7, 0, 0.006622516556291391, 2, 2.0, 350, 1.0,200
"[0.0, 1.0, 2.0]", 200, 0.35, 8.0, 0.39, 0, 0.005, 0.4, 0.6, 0.7, 0, 0.004784688995215311, 2, 2.0, 408, 1.0,200
nest_qualities, num_ants, pop_coeff, lambda_sigmoid, QUORUM_THRE, QUORUM_OFFSET, search_find, follow_find, lead_forward, transport, run_number, score, conv_nest, conv_nest_quality, avg_rounds_til_empty, avg_brood_good, avg_pop_good_nest
"[0.0, 1.0, 2.0]", 200, 0.35, 8.0, 0.03, 0, 0.005, 0.4, 0.6, 0.7, 0, 0.0009737098344693282, 2, 2.0, 1226, 1.0,200
"[0.0, 1.0, 2.0]", 200, 0.35, 8.0, 0.06, 0, 0.005, 0.4, 0.6, 0.7, 0, 0.0012787723785166241, 2, 2.0, 981, 1.0,199
"[0.0, 1.0, 2.0]", 200, 0.35, 8.0, 0.09, 0, 0.005, 0.4, 0.6, 0.7, 0, 0.00423728813559322, 2, 2.0, 435, 1.0,200
"[0.0, 1.0, 2.0]", 200, 0.35, 8.0, 0.12, 0, 0.005, 0.4, 0.6, 0.7, 0, 0.004, 2, 2.0, 449, 1.0,199
"[0.0, 1.0, 2.0]", 200, 0.35, 8.0, 0.15, 0, 0.005, 0.4, 0.6, 0.7, 0, 0.0009319664492078285, 2, 2.0, 1272, 1.0,200
"[0.0, 1.0, 2.0]", 200, 0.35, 8.0, 0.18, 0, 0.005, 0.4, 0.6, 0.7, 0, 0.001589825119236884, 2, 2.0, 828, 1.0,199
"[0.0, 1.0, 2.0]", 200, 0.35, 8.0, 0.21, 0, 0.005, 0.4, 0.6, 0.7, 0, 0.0048543689320388345, 2, 2.0, 405, 1.0,200
"[0.0, 1.0, 2.0]", 200, 0.35, 8.0, 0.24, 0, 0.005, 0.4, 0.6, 0.7, 0, 0.00411522633744856, 2, 2.0, 442, 1.0,199
"[0.0, 1.0, 2.0]", 200, 0.35, 8.0, 0.27, 0, 0.005, 0.4, 0.6, 0.7, 0, 0.004524886877828055, 2, 2.0, 420, 1.0,200
"[0.0, 1.0, 2.0]", 200, 0.35, 8.0, 0.3, 0, 0.005, 0.4, 0.6, 0.7, 0, 0.0028653295128939827, 1, 1.0, 548, 0.0,1
"[0.0, 1.0, 2.0]", 200, 0.35, 8.0, 0.33, 0, 0.005, 0.4, 0.6, 0.7, 0, 0.0014492753623188406, 2, 2.0, 889, 1.0,200
"[0.0, 1.0, 2.0]", 200, 0.35, 8.0, 0.36, 0, 0.005, 0.4, 0.6, 0.7, 0, 0, -1, -100, 1999, 0,6
"[0.0, 1.0, 2.0]", 200, 0.35, 8.0, 0.39, 0, 0.005, 0.4, 0.6, 0.7, 0, 0.0024630541871921183, 1, 1.0, 605, 0.0,0
nest_qualities, num_ants, pop_coeff, lambda_sigmoid, QUORUM_THRE, QUORUM_OFFSET, search_find, follow_find, lead_forward, transport, run_number, score, conv_nest, conv_nest_quality, avg_rounds_til_empty, avg_brood_good, avg_pop_good_nest
"[0.0, 1.0, 2.0]", 200, 0.35, 8.0, 0.03, 0, 0.005, 0.4, 0.6, 0.7, 0, 0.0017605633802816902, 2, 2.0, 767, 1.0,200
"[0.0, 1.0, 2.0]", 200, 0.35, 8.0, 0.03, 0, 0.005, 0.4, 0.6, 0.7, 1, 0.0028169014084507044, 2, 2.0, 554, 1.0,200
"[0.0, 1.0, 2.0]", 200, 0.35, 8.0, 0.03, 0, 0.005, 0.4, 0.6, 0.7, 2, 0.0012121212121212121, 2, 2.0, 1024, 1.0,200
"[0.0, 1.0, 2.0]", 200, 0.35, 8.0, 0.03, 0, 0.005, 0.4, 0.6, 0.7, 3, 0.0011961722488038277, 2, 2.0, 1035, 1.0,199
"[0.0, 1.0, 2.0]", 200, 0.35, 8.0, 0.03, 0, 0.005, 0.4, 0.6, 0.7, 4, 0.0019801980198019802, 2, 2.0, 704, 1.0,200
"[0.0, 1.0, 2.0]", 200, 0.35, 8.0, 0.03, 0, 0.005, 0.4, 0.6, 0.7, 5, 0.0011074197120708748, 2, 2.0, 1102, 1.0,197
"[0.0, 1.0, 2.0]", 200, 0.35, 8.0, 0.03, 0, 0.005, 0.4, 0.6, 0.7, 6, 0.0017793594306049821, 2, 2.0, 761, 1.0,200
"[0.0, 1.0, 2.0]", 200, 0.35, 8.0, 0.03, 0, 0.005, 0.4, 0.6, 0.7, 7, 0.0021645021645021645, 2, 2.0, 661, 1.0,200
"[0.0, 1.0, 2.0]", 200, 0.35, 8.0, 0.03, 0, 0.005, 0.4, 0.6, 0.7, 8, 0.0018181818181818182, 2, 2.0, 749, 1.0,200
"[0.0, 1.0, 2.0]", 200, 0.35, 8.0, 0.03, 0, 0.005, 0.4, 0.6, 0.7, 9, 0.0012224938875305623, 2, 2.0, 1017, 1.0,200
"[0.0, 1.0, 2.0]", 200, 0.35, 8.0, 0.06, 0, 0.005, 0.4, 0.6, 0.7, 0, 0.003676470588235294, 2, 2.0, 471, 1.0,200
"[0.0, 1.0, 2.0]", 200, 0.35, 8.0, 0.06, 0, 0.005, 0.4, 0.6, 0.7, 1, 0.0018050541516245488, 2, 2.0, 753, 1.0,199
"[0.0, 1.0, 2.0]", 200, 0.35, 8.0, 0.06, 0, 0.005, 0.4, 0.6, 0.7, 2, 0.0010526315789473684, 2, 2.0, 1149, 1.0,200
"[0.0, 1.0, 2.0]", 200, 0.35, 8.0, 0.06, 0, 0.005, 0.4, 0.6, 0.7, 3, 0.0013908205841446453, 2, 2.0, 918, 1.0,200
"[0.0, 1.0, 2.0]", 200, 0.35, 8.0, 0.06, 0, 0.005, 0.4, 0.6, 0.7, 4, 0.0017921146953405018, 2, 2.0, 757, 1.0,200
"[0.0, 1.0, 2.0]", 200, 0.35, 8.0, 0.06, 0, 0.005, 0.4, 0.6, 0.7, 5, 0.0013192612137203166, 2, 2.0, 957, 1.0,200
"[0.0, 1.0, 2.0]", 200, 0.35, 8.0, 0.06, 0, 0.005, 0.4, 0.6, 0.7, 6, 0.0009140767824497258, 2, 2.0, 1293, 1.0,200
"[0.0, 1.0, 2.0]", 200, 0.35, 8.0, 0.06, 0, 0.005, 0.4, 0.6, 0.7, 7, 0.002881844380403458, 2, 2.0, 546, 1.0,199
"[0.0, 1.0, 2.0]", 200, 0.35, 8.0, 0.06, 0, 0.005, 0.4, 0.6, 0.7, 8, 0.0017889087656529517, 2, 2.0, 758, 1.0,197
"[0.0, 1.0, 2.0]", 200, 0.35, 8.0, 0.06, 0, 0.005, 0.4, 0.6, 0.7, 9, 0.0032258064516129032, 2, 2.0, 509, 1.0,200
"[0.0, 1.0, 2.0]", 200, 0.35, 8.0, 0.09, 0, 0.005, 0.4, 0.6, 0.7, 0, 0.00303951367781155, 2, 2.0, 528, 1.0,200
"[0.0, 1.0, 2.0]", 200, 0.35, 8.0, 0.09, 0, 0.005, 0.4, 0.6, 0.7, 1, 0.002380952380952381, 2, 2.0, 619, 1.0,200
"[0.0, 1.0, 2.0]", 200, 0.35, 8.0, 0.09, 0, 0.005, 0.4, 0.6, 0.7, 2, 0.0016051364365971107, 2, 2.0, 822, 1.0,200
"[0.0, 1.0, 2.0]", 200, 0.35, 8.0, 0.09, 0, 0.005, 0.4, 0.6, 0.7, 3, 0.002898550724637681, 2, 2.0, 544, 1.0,198
"[0.0, 1.0, 2.0]", 200, 0.35, 8.0, 0.09, 0, 0.005, 0.4, 0.6, 0.7, 4, 0.004132231404958678, 2, 2.0, 441, 1.0,200
"[0.0, 1.0, 2.0]", 200, 0.35, 8.0, 0.09, 0, 0.005, 0.4, 0.6, 0.7, 5, 0.0030211480362537764, 2, 2.0, 530, 1.0,200
"[0.0, 1.0, 2.0]", 200, 0.35, 8.0, 0.09, 0, 0.005, 0.4, 0.6, 0.7, 6, 0.0019569471624266144, 2, 2.0, 710, 1.0,200
"[0.0, 1.0, 2.0]", 200, 0.35, 8.0, 0.09, 0, 0.005, 0.4, 0.6, 0.7, 7, 0.0028653295128939827, 2, 2.0, 548, 1.0,200
"[0.0, 1.0, 2.0]", 200, 0.35, 8.0, 0.09, 0, 0.005, 0.4, 0.6, 0.7, 8, 0.0011025358324145535, 2, 2.0, 1106, 1.0,200
"[0.0, 1.0, 2.0]", 200, 0.35, 8.0, 0.09, 0, 0.005, 0.4, 0.6, 0.7, 9, 0.0016778523489932886, 2, 2.0, 795, 1.0,200
"[0.0, 1.0, 2.0]", 200, 0.35, 8.0, 0.12, 0, 0.005, 0.4, 0.6, 0.7, 0, 0.001838235294117647, 2, 2.0, 743, 1.0,200
"[0.0, 1.0, 2.0]", 200, 0.35, 8.0, 0.12, 0, 0.005, 0.4, 0.6, 0.7, 1, 0.0026246719160104987, 2, 2.0, 580, 1.0,200
"[0.0, 1.0, 2.0]", 200, 0.35, 8.0, 0.12, 0, 0.005, 0.4, 0.6, 0.7, 2, 0.0029850746268656717, 2, 2.0, 534, 1.0,199
"[0.0, 1.0, 2.0]", 200, 0.35, 8.0, 0.12, 0, 0.005, 0.4, 0.6, 0.7, 3, 0.002570694087403599, 2, 2.0, 588, 1.0,200
"[0.0, 1.0, 2.0]", 200, 0.35, 8.0, 0.12, 0, 0.005, 0.4, 0.6, 0.7, 4, 0.00076103500761035, 2, 2.0, 1513, 1.0,200
"[0.0, 1.0, 2.0]", 200, 0.35, 8.0, 0.12, 0, 0.005, 0.4, 0.6, 0.7, 5, 0.004901960784313725, 2, 2.0, 403, 1.0,200
"[0.0, 1.0, 2.0]", 200, 0.35, 8.0, 0.12, 0, 0.005, 0.4, 0.6, 0.7, 6, 0.003745318352059925, 2, 2.0, 466, 1.0,200
"[0.0, 1.0, 2.0]", 200, 0.35, 8.0, 0.12, 0, 0.005, 0.4, 0.6, 0.7, 7, 0.0043859649122807015, 2, 2.0, 427, 1.0,200
"[0.0, 1.0, 2.0]", 200, 0.35, 8.0, 0.12, 0, 0.005, 0.4, 0.6, 0.7, 8, 0.0038461538461538464, 2, 2.0, 459, 1.0,200
"[0.0, 1.0, 2.0]", 200, 0.35, 8.0, 0.12, 0, 0.005, 0.4, 0.6, 0.7, 9, 0.0020408163265306124, 2, 2.0, 689, 1.0,199
"[0.0, 1.0, 2.0]", 200, 0.35, 8.0, 0.15, 0, 0.005, 0.4, 0.6, 0.7, 0, 0.002242152466367713, 2, 2.0, 645, 1.0,200
"[0.0, 1.0, 2.0]", 200, 0.35, 8.0, 0.15, 0, 0.005, 0.4, 0.6, 0.7, 1, 0.002770083102493075, 2, 2.0, 560, 1.0,199
"[0.0, 1.0, 2.0]", 200, 0.35, 8.0, 0.15, 0, 0.005, 0.4, 0.6, 0.7, 2, 0.004830917874396135, 2, 2.0, 406, 1.0,200
"[0.0, 1.0, 2.0]", 200, 0.35, 8.0, 0.15, 0, 0.005, 0.4, 0.6, 0.7, 3, 0.00510204081632653, 2, 2.0, 395, 1.0,199
"[0.0, 1.0, 2.0]", 200, 0.35, 8.0, 0.15, 0, 0.005, 0.4, 0.6, 0.7, 4, 0.00205761316872428, 1, 1.0, 685, 0.0,2
"[0.0, 1.0, 2.0]", 200, 0.35, 8.0, 0.15, 0, 0.005, 0.4, 0.6, 0.7, 5, 0.001976284584980237, 2, 2.0, 705, 1.0,200
"[0.0, 1.0, 2.0]", 200, 0.35, 8.0, 0.15, 0, 0.005, 0.4, 0.6, 0.7, 6, 0.0019569471624266144, 2, 2.0, 710, 1.0,200
"[0.0, 1.0, 2.0]", 200, 0.35, 8.0, 0.15, 0, 0.005, 0.4, 0.6, 0.7, 7, 0.0027548209366391185, 2, 2.0, 562, 1.0,200
"[0.0, 1.0, 2.0]", 200, 0.35, 8.0, 0.15, 0, 0.005, 0.4, 0.6, 0.7, 8, 0.004901960784313725, 2, 2.0, 403, 1.0,200
"[0.0, 1.0, 2.0]", 200, 0.35, 8.0, 0.15, 0, 0.005, 0.4, 0.6, 0.7, 9, 0.002564102564102564, 1, 1.0, 589, 0.0,0
"[0.0, 1.0, 2.0]", 200, 0.35, 8.0, 0.18, 0, 0.005, 0.4, 0.6, 0.7, 0, 0.0040650406504065045, 2, 2.0, 445, 1.0,199
"[0.0, 1.0, 2.0]", 200, 0.35, 8.0, 0.18, 0, 0.005, 0.4, 0.6, 0.7, 1, 0.0022123893805309734, 2, 2.0, 651, 1.0,200
"[0.0, 1.0, 2.0]", 200, 0.35, 8.0, 0.18, 0, 0.005, 0.4, 0.6, 0.7, 2, 0.0035714285714285713, 2, 2.0, 479, 1.0,200
"[0.0, 1.0, 2.0]", 200, 0.35, 8.0, 0.18, 0, 0.005, 0.4, 0.6, 0.7, 3, 0.0034482758620689655, 2, 2.0, 489, 1.0,200
"[0.0, 1.0, 2.0]", 200, 0.35, 8.0, 0.18, 0, 0.005, 0.4, 0.6, 0.7, 4, 0.0035714285714285713, 2, 2.0, 479, 1.0,200
"[0.0, 1.0, 2.0]", 200, 0.35, 8.0, 0.18, 0, 0.005, 0.4, 0.6, 0.7, 5, 0.001375515818431912, 2, 2.0, 926, 1.0,198
"[0.0, 1.0, 2.0]", 200, 0.35, 8.0, 0.18, 0, 0.005, 0.4, 0.6, 0.7, 6, 0.0019646365422396855, 2, 2.0, 708, 1.0,200
"[0.0, 1.0, 2.0]", 200, 0.35, 8.0, 0.18, 0, 0.005, 0.4, 0.6, 0.7, 7, 0.001984126984126984, 1, 1.0, 703, 0.0,2
"[0.0, 1.0, 2.0]", 200, 0.35, 8.0, 0.18, 0, 0.005, 0.4, 0.6, 0.7, 8, 0.0012033694344163659, 2, 2.0, 1030, 1.0,200
"[0.0, 1.0, 2.0]", 200, 0.35, 8.0, 0.18, 0, 0.005, 0.4, 0.6, 0.7, 9, 0.002702702702702703, 2, 2.0, 569, 1.0,200
"[0.0, 1.0, 2.0]", 200, 0.35, 8.0, 0.21, 0, 0.005, 0.4, 0.6, 0.7, 0, 0.0036231884057971015, 2, 2.0, 475, 1.0,200
"[0.0, 1.0, 2.0]", 200, 0.35, 8.0, 0.21, 0, 0.005, 0.4, 0.6, 0.7, 1, 0.004098360655737705, 2, 2.0, 443, 1.0,200
"[0.0, 1.0, 2.0]", 200, 0.35, 8.0, 0.21, 0, 0.005, 0.4, 0.6, 0.7, 2, 0.0027397260273972603, 1, 1.0, 564, 0.0,0
"[0.0, 1.0, 2.0]", 200, 0.35, 8.0, 0.21, 0, 0.005, 0.4, 0.6, 0.7, 3, 0.001091703056768559, 2, 2.0, 1115, 1.0,200
"[0.0, 1.0, 2.0]", 200, 0.35, 8.0, 0.21, 0, 0.005, 0.4, 0.6, 0.7, 4, 0.004807692307692308, 2, 2.0, 407, 1.0,200
"[0.0, 1.0, 2.0]", 200, 0.35, 8.0, 0.21, 0, 0.005, 0.4, 0.6, 0.7, 5, 0.002304147465437788, 2, 2.0, 633, 1.0,200
"[0.0, 1.0, 2.0]", 200, 0.35, 8.0, 0.21, 0, 0.005, 0.4, 0.6, 0.7, 6, 0.006024096385542169, 2, 2.0, 365, 1.0,200
"[0.0, 1.0, 2.0]", 200, 0.35, 8.0, 0.21, 0, 0.005, 0.4, 0.6, 0.7, 7, 0.0029940119760479044, 2, 2.0, 533, 1.0,197
"[0.0, 1.0, 2.0]", 200, 0.35, 8.0, 0.21, 0, 0.005, 0.4, 0.6, 0.7, 8, 0.006666666666666667, 2, 2.0, 349, 1.0,200
"[0.0, 1.0, 2.0]", 200, 0.35, 8.0, 0.21, 0, 0.005, 0.4, 0.6, 0.7, 9, 0.004807692307692308, 2, 2.0, 407, 1.0,200
"[0.0, 1.0, 2.0]", 200, 0.35, 8.0, 0.24, 0, 0.005, 0.4, 0.6, 0.7, 0, 0.0024691358024691358, 1, 1.0, 604, 0.0,1
nest_qualities, num_ants, pop_coeff, lambda_sigmoid, QUORUM_THRE, QUORUM_OFFSET, search_find, follow_find, lead_forward, transport, run_number, score, conv_nest, conv_nest_quality, avg_rounds_til_empty, avg_brood_good, avg_pop_good_nest
"[0.0, 1.0, 2.0]", 200, 0.35, 8.0, 0.15, 0, 0.005, 0.4, 0.6, 0.7, 0, 0.0024937655860349127, 2, 2.0, 600, 1.0,197
"[0.0, 1.0, 2.0]", 200, 0.35, 8.0, 0.15, 0, 0.005, 0.4, 0.6, 0.7, 1, 0.004273504273504274, 2, 2.0, 433, 1.0,198
"[0.0, 1.0, 2.0]", 200, 0.35, 8.0, 0.15, 0, 0.005, 0.4, 0.6, 0.7, 2, 0.002188183807439825, 2, 2.0, 656, 1.0,200
"[0.0, 1.0, 2.0]", 200, 0.35, 8.0, 0.15, 0, 0.005, 0.4, 0.6, 0.7, 3, 0.0013333333333333333, 2, 2.0, 949, 1.0,200
"[0.0, 1.0, 2.0]", 200, 0.35, 8.0, 0.15, 0, 0.005, 0.4, 0.6, 0.7, 4, 0.000946073793755913, 2, 2.0, 1256, 1.0,200
"[0.0, 1.0, 2.0]", 200, 0.35, 8.0, 0.15, 0, 0.005, 0.4, 0.6, 0.7, 5, 0.0012048192771084338, 2, 2.0, 1029, 1.0,200
"[0.0, 1.0, 2.0]", 200, 0.35, 8.0, 0.15, 0, 0.005, 0.4, 0.6, 0.7, 6, 0.003816793893129771, 2, 2.0, 461, 1.0,200
"[0.0, 1.0, 2.0]", 200, 0.35, 8.0, 0.15, 0, 0.005, 0.4, 0.6, 0.7, 7, 0.0024154589371980675, 1, 1.0, 613, 0.0,0
"[0.0, 1.0, 2.0]", 200, 0.35, 8.0, 0.15, 0, 0.005, 0.4, 0.6, 0.7, 8, 0.002325581395348837, 2, 2.0, 629, 1.0,200
"[0.0, 1.0, 2.0]", 200, 0.35, 8.0, 0.15, 0, 0.005, 0.4, 0.6, 0.7, 9, 0.003367003367003367, 2, 2.0, 496, 1.0,200
nest_qualities, num_ants, pop_coeff, lambda_sigmoid, QUORUM_THRE, QUORUM_OFFSET, search_find, follow_find, lead_forward, transport, run_number, score, conv_nest, conv_nest_quality, avg_rounds_til_empty, avg_brood_good, avg_pop_good_nest
"[0.0, 1.0, 2.0]", 200, 0.35, 8.0, 0.15, 0, 0.005, 0.4, 0.6, 0.7, 0, 0.003676470588235294, 2, 2.0, 471, 1.0,200
"[0.0, 1.0, 2.0]", 200, 0.35, 8.0, 0.15, 0, 0.005, 0.4, 0.6, 0.7, 1, 0.0027247956403269754, 2, 2.0, 566, 1.0,200
"[0.0, 1.0, 2.0]", 200, 0.35, 8.0, 0.15, 0, 0.005, 0.4, 0.6, 0.7, 2, 0.0017921146953405018, 2, 2.0, 757, 1.0,199
"[0.0, 1.0, 2.0]", 200, 0.35, 8.0, 0.15, 0, 0.005, 0.4, 0.6, 0.7, 3, 0.002793296089385475, 2, 2.0, 557, 1.0,200
"[0.0, 1.0, 2.0]", 200, 0.35, 8.0, 0.15, 0, 0.005, 0.4, 0.6, 0.7, 4, 0.001201923076923077, 2, 2.0, 1031, 1.0,199
"[0.0, 1.0, 2.0]", 200, 0.35, 8.0, 0.15, 0, 0.005, 0.4, 0.6, 0.7, 5, 0.004739336492890996, 2, 2.0, 410, 1.0,200
"[0.0, 1.0, 2.0]", 200, 0.35, 8.0, 0.15, 0, 0.005, 0.4, 0.6, 0.7, 6, 0.0022172949002217295, 2, 2.0, 650, 1.0,200
"[0.0, 1.0, 2.0]", 200, 0.35, 8.0, 0.15, 0, 0.005, 0.4, 0.6, 0.7, 7, 0.0048543689320388345, 2, 2.0, 405, 1.0,200
"[0.0, 1.0, 2.0]", 200, 0.35, 8.0, 0.15, 0, 0.005, 0.4, 0.6, 0.7, 8, 0.0022123893805309734, 1, 1.0, 651, 0.0,7
"[0.0, 1.0, 2.0]", 200, 0.35, 8.0, 0.15, 0, 0.005, 0.4, 0.6, 0.7, 9, 0.0017152658662092624, 2, 2.0, 782, 1.0,200
"[0.0, 1.0, 2.0]", 200, 0.35, 8.0, 0.15, 0, 0.005, 0.4, 0.6, 0.7, 10, 0.0035335689045936395, 2, 2.0, 482, 1.0,199
"[0.0, 1.0, 2.0]", 200, 0.35, 8.0, 0.15, 0, 0.005, 0.4, 0.6, 0.7, 11, 0.001524390243902439, 1, 1.0, 855, 0.0,0
"[0.0, 1.0, 2.0]", 200, 0.35, 8.0, 0.15, 0, 0.005, 0.4, 0.6, 0.7, 12, 0.00078003120124805, 2, 2.0, 1481, 1.0,200
"[0.0, 1.0, 2.0]", 200, 0.35, 8.0, 0.15, 0, 0.005, 0.4, 0.6, 0.7, 13, 0.002079002079002079, 1, 1.0, 680, 0.0,0
"[0.0, 1.0, 2.0]", 200, 0.35, 8.0, 0.15, 0, 0.005, 0.4, 0.6, 0.7, 14, 0.00199203187250996, 2, 2.0, 701, 1.0,200
"[0.0, 1.0, 2.0]", 200, 0.35, 8.0, 0.15, 0, 0.005, 0.4, 0.6, 0.7, 15, 0.0035714285714285713, 2, 2.0, 479, 1.0,198
"[0.0, 1.0, 2.0]", 200, 0.35, 8.0, 0.15, 0, 0.005, 0.4, 0.6, 0.7, 16, 0.001953125, 2, 2.0, 711, 1.0,200
"[0.0, 1.0, 2.0]", 200, 0.35, 8.0, 0.15, 0, 0.005, 0.4, 0.6, 0.7, 17, 0.0025188916876574307, 2, 2.0, 596, 1.0,200
"[0.0, 1.0, 2.0]", 200, 0.35, 8.0, 0.15, 0, 0.005, 0.4, 0.6, 0.7, 18, 0.0051813471502590676, 2, 2.0, 392, 1.0,199
"[0.0, 1.0, 2.0]", 200, 0.35, 8.0, 0.15, 0, 0.005, 0.4, 0.6, 0.7, 19, 0.0011904761904761906, 2, 2.0, 1039, 1.0,200
"[0.0, 1.0, 2.0]", 200, 0.35, 8.0, 0.15, 0, 0.005, 0.4, 0.6, 0.7, 20, 0.0022522522522522522, 1, 1.0, 643, 0.0,1
"[0.0, 1.0, 2.0]", 200, 0.35, 8.0, 0.15, 0, 0.005, 0.4, 0.6, 0.7, 21, 0.0024937655860349127, 2, 2.0, 600, 1.0,200
"[0.0, 1.0, 2.0]", 200, 0.35, 8.0, 0.15, 0, 0.005, 0.4, 0.6, 0.7, 22, 0.0016501650165016502, 2, 2.0, 805, 1.0,200
"[0.0, 1.0, 2.0]", 200, 0.35, 8.0, 0.15, 0, 0.005, 0.4, 0.6, 0.7, 23, 0.0012165450121654502, 2, 2.0, 1021, 1.0,200
"[0.0, 1.0, 2.0]", 200, 0.35, 8.0, 0.15, 0, 0.005, 0.4, 0.6, 0.7, 24, 0.002898550724637681, 1, 1.0, 544, 0.0,4
"[0.0, 1.0, 2.0]", 200, 0.35, 8.0, 0.15, 0, 0.005, 0.4, 0.6, 0.7, 25, 0.0024813895781637717, 2, 2.0, 602, 1.0,199
"[0.0, 1.0, 2.0]", 200, 0.35, 8.0, 0.15, 0, 0.005, 0.4, 0.6, 0.7, 26, 0.0016313213703099511, 2, 2.0, 812, 1.0,200
"[0.0, 1.0, 2.0]", 200, 0.35, 8.0, 0.15, 0, 0.005, 0.4, 0.6, 0.7, 27, 0.002105263157894737, 2, 2.0, 674, 1.0,200
"[0.0, 1.0, 2.0]", 200, 0.35, 8.0, 0.15, 0, 0.005, 0.4, 0.6, 0.7, 28, 0.003816793893129771, 2, 2.0, 461, 1.0,199
"[0.0, 1.0, 2.0]", 200, 0.35, 8.0, 0.15, 0, 0.005, 0.4, 0.6, 0.7, 29, 0.0049261083743842365, 2, 2.0, 402, 1.0,200
"[0.0, 1.0, 2.0]", 200, 0.35, 8.0, 0.15, 0, 0.005, 0.4, 0.6, 0.7, 30, 0.0034602076124567475, 2, 2.0, 488, 1.0,200
"[0.0, 1.0, 2.0]", 200, 0.35, 8.0, 0.15, 0, 0.005, 0.4, 0.6, 0.7, 31, 0.001072961373390558, 2, 2.0, 1131, 1.0,200
"[0.0, 1.0, 2.0]", 200, 0.35, 8.0, 0.15, 0, 0.005, 0.4, 0.6, 0.7, 32, 0.0022172949002217295, 2, 2.0, 650, 1.0,200
"[0.0, 1.0, 2.0]", 200, 0.35, 8.0, 0.15, 0, 0.005, 0.4, 0.6, 0.7, 33, 0.0017667844522968198, 1, 1.0, 765, 0.0,0
"[0.0, 1.0, 2.0]", 200, 0.35, 8.0, 0.15, 0, 0.005, 0.4, 0.6, 0.7, 34, 0.0058823529411764705, 2, 2.0, 369, 1.0,200
"[0.0, 1.0, 2.0]", 200, 0.35, 8.0, 0.15, 0, 0.005, 0.4, 0.6, 0.7, 35, 0.0012547051442910915, 2, 2.0, 996, 1.0,200
"[0.0, 1.0, 2.0]", 200, 0.35, 8.0, 0.15, 0, 0.005, 0.4, 0.6, 0.7, 36, 0, -1, -100, 1999, 1.0,200
"[0.0, 1.0, 2.0]", 200, 0.35, 8.0, 0.15, 0, 0.005, 0.4, 0.6, 0.7, 37, 0.0031746031746031746, 2, 2.0, 514, 1.0,200
"[0.0, 1.0, 2.0]", 200, 0.35, 8.0, 0.15, 0, 0.005, 0.4, 0.6, 0.7, 38, 0.0030864197530864196, 2, 2.0, 523, 1.0,200
"[0.0, 1.0, 2.0]", 200, 0.35, 8.0, 0.15, 0, 0.005, 0.4, 0.6, 0.7, 39, 0.0031645569620253164, 2, 2.0, 515, 1.0,199
"[0.0, 1.0, 2.0]", 200, 0.35, 8.0, 0.15, 0, 0.005, 0.4, 0.6, 0.7, 40, 0.001564945226917058, 2, 2.0, 838, 1.0,200
"[0.0, 1.0, 2.0]", 200, 0.35, 8.0, 0.15, 0, 0.005, 0.4, 0.6, 0.7, 41, 0.004424778761061947, 2, 2.0, 425, 1.0,199
"[0.0, 1.0, 2.0]", 200, 0.35, 8.0, 0.15, 0, 0.005, 0.4, 0.6, 0.7, 42, 0.0045662100456621, 2, 2.0, 418, 1.0,200
"[0.0, 1.0, 2.0]", 200, 0.35, 8.0, 0.15, 0, 0.005, 0.4, 0.6, 0.7, 43, 0.0013280212483399733, 2, 2.0, 952, 1.0,200
"[0.0, 1.0, 2.0]", 200, 0.35, 8.0, 0.15, 0, 0.005, 0.4, 0.6, 0.7, 44, 0.00398406374501992, 2, 2.0, 450, 1.0,200
"[0.0, 1.0, 2.0]", 200, 0.35, 8.0, 0.15, 0, 0.005, 0.4, 0.6, 0.7, 45, 0.00425531914893617, 2, 2.0, 434, 1.0,198
"[0.0, 1.0, 2.0]", 200, 0.35, 8.0, 0.15, 0, 0.005, 0.4, 0.6, 0.7, 46, 0.0024691358024691358, 2, 2.0, 604, 1.0,200
"[0.0, 1.0, 2.0]", 200, 0.35, 8.0, 0.15, 0, 0.005, 0.4, 0.6, 0.7, 47, 0.0023752969121140144, 2, 2.0, 620, 1.0,200
"[0.0, 1.0, 2.0]", 200, 0.35, 8.0, 0.15, 0, 0.005, 0.4, 0.6, 0.7, 48, 0.005434782608695652, 2, 2.0, 383, 1.0,200
"[0.0, 1.0, 2.0]", 200, 0.35, 8.0, 0.15, 0, 0.005, 0.4, 0.6, 0.7, 49, 0.004739336492890996, 2, 2.0, 410, 1.0,200
nest_qualities, num_ants, pop_coeff, lambda_sigmoid, QUORUM_THRE, QUORUM_OFFSET, search_find, follow_find, lead_forward, transport, run_number, score, conv_nest, conv_nest_quality, avg_rounds_til_empty, avg_brood_good, avg_pop_good_nest
"[0.0, 1.0, 2.0]", 200, 0.35, 8.0, 0.15, 0, 0.005, 0.4, 0.6, 0.7, 0, 0.003236245954692557, 2, 2.0, 508, 1.0,199
"[0.0, 1.0, 2.0]", 200, 0.35, 8.0, 0.15, 0, 0.005, 0.4, 0.6, 0.7, 1, 0.0016286644951140066, 2, 2.0, 813, 1.0,200
"[0.0, 1.0, 2.0]", 200, 0.35, 8.0, 0.15, 0, 0.005, 0.4, 0.6, 0.7, 2, 0.005847953216374269, 2, 2.0, 370, 1.0,196
"[0.0, 1.0, 2.0]", 200, 0.35, 8.0, 0.15, 0, 0.005, 0.4, 0.6, 0.7, 3, 0.004, 2, 2.0, 449, 1.0,198
"[0.0, 1.0, 2.0]", 200, 0.35, 8.0, 0.15, 0, 0.005, 0.4, 0.6, 0.7, 4, 0.005649717514124294, 2, 2.0, 376, 1.0,200
"[0.0, 1.0, 2.0]", 200, 0.35, 8.0, 0.15, 0, 0.005, 0.4, 0.6, 0.7, 5, 0.0022624434389140274, 1, 1.0, 641, 0.0,1
"[0.0, 1.0, 2.0]", 200, 0.35, 8.0, 0.15, 0, 0.005, 0.4, 0.6, 0.7, 6, 0.00558659217877095, 1, 1.0, 378, 0.0,3
"[0.0, 1.0, 2.0]", 200, 0.35, 8.0, 0.15, 0, 0.005, 0.4, 0.6, 0.7, 7, 0.005494505494505495, 2, 2.0, 381, 1.0,200
"[0.0, 1.0, 2.0]", 200, 0.35, 8.0, 0.15, 0, 0.005, 0.4, 0.6, 0.7, 8, 0.0016420361247947454, 2, 2.0, 808, 1.0,200
"[0.0, 1.0, 2.0]", 200, 0.35, 8.0, 0.15, 0, 0.005, 0.4, 0.6, 0.7, 9, 0.005494505494505495, 2, 2.0, 381, 1.0,200
"[0.0, 1.0, 2.0]", 200, 0.35, 8.0, 0.15, 0, 0.005, 0.4, 0.6, 0.7, 10, 0.0029498525073746312, 2, 2.0, 538, 1.0,200
"[0.0, 1.0, 2.0]", 200, 0.35, 8.0, 0.15, 0, 0.005, 0.4, 0.6, 0.7, 11, 0.001072961373390558, 2, 2.0, 1131, 1.0,200
"[0.0, 1.0, 2.0]", 200, 0.35, 8.0, 0.15, 0, 0.005, 0.4, 0.6, 0.7, 12, 0.0036496350364963502, 2, 2.0, 473, 1.0,200
"[0.0, 1.0, 2.0]", 200, 0.35, 8.0, 0.15, 0, 0.005, 0.4, 0.6, 0.7, 13, 0.0038022813688212928, 2, 2.0, 462, 1.0,200
"[0.0, 1.0, 2.0]", 200, 0.35, 8.0, 0.15, 0, 0.005, 0.4, 0.6, 0.7, 14, 0.0021413276231263384, 1, 1.0, 666, 0.0,0
"[0.0, 1.0, 2.0]", 200, 0.35, 8.0, 0.15, 0, 0.005, 0.4, 0.6, 0.7, 15, 0.004545454545454545, 2, 2.0, 419, 1.0,200
"[0.0, 1.0, 2.0]", 200, 0.35, 8.0, 0.15, 0, 0.005, 0.4, 0.6, 0.7, 16, 0.002325581395348837, 2, 2.0, 629, 1.0,195
"[0.0, 1.0, 2.0]", 200, 0.35, 8.0, 0.15, 0, 0.005, 0.4, 0.6, 0.7, 17, 0.0018832391713747645, 1, 1.0, 730, 0.0,1
"[0.0, 1.0, 2.0]", 200, 0.35, 8.0, 0.15, 0, 0.005, 0.4, 0.6, 0.7, 18, 0.00273224043715847, 2, 2.0, 565, 1.0,199
"[0.0, 1.0, 2.0]", 200, 0.35, 8.0, 0.15, 0, 0.005, 0.4, 0.6, 0.7, 19, 0.0045662100456621, 2, 2.0, 418, 1.0,197
"[0.0, 1.0, 2.0]", 200, 0.35, 8.0, 0.15, 0, 0.005, 0.4, 0.6, 0.7, 20, 0.005154639175257732, 2, 2.0, 393, 1.0,199
"[0.0, 1.0, 2.0]", 200, 0.35, 8.0, 0.15, 0, 0.005, 0.4, 0.6, 0.7, 21, 0.006172839506172839, 2, 2.0, 361, 1.0,200
"[0.0, 1.0, 2.0]", 200, 0.35, 8.0, 0.15, 0, 0.005, 0.4, 0.6, 0.7, 22, 0.0027100271002710027, 2, 2.0, 568, 1.0,200
"[0.0, 1.0, 2.0]", 200, 0.35, 8.0, 0.15, 0, 0.005, 0.4, 0.6, 0.7, 23, 0.0014347202295552368, 2, 2.0, 896, 1.0,197
"[0.0, 1.0, 2.0]", 200, 0.35, 8.0, 0.15, 0, 0.005, 0.4, 0.6, 0.7, 24, 0.0028328611898017, 1, 1.0, 552, 0.0,0
"[0.0, 1.0, 2.0]", 200, 0.35, 8.0, 0.15, 0, 0.005, 0.4, 0.6, 0.7, 25, 0.0017921146953405018, 2, 2.0, 757, 1.0,199
"[0.0, 1.0, 2.0]", 200, 0.35, 8.0, 0.15, 0, 0.005, 0.4, 0.6, 0.7, 26, 0.004201680672268907, 2, 2.0, 437, 1.0,199
"[0.0, 1.0, 2.0]", 200, 0.35, 8.0, 0.15, 0, 0.005, 0.4, 0.6, 0.7, 27, 0.003787878787878788, 2, 2.0, 463, 1.0,200
"[0.0, 1.0, 2.0]", 200, 0.35, 8.0, 0.15, 0, 0.005, 0.4, 0.6, 0.7, 28, 0.002325581395348837, 2, 2.0, 629, 1.0,199
"[0.0, 1.0, 2.0]", 200, 0.35, 8.0, 0.15, 0, 0.005, 0.4, 0.6, 0.7, 29, 0.001326259946949602, 2, 2.0, 953, 1.0,200
"[0.0, 1.0, 2.0]", 200, 0.35, 8.0, 0.15, 0, 0.005, 0.4, 0.6, 0.7, 30, 0.005434782608695652, 2, 2.0, 383, 1.0,199
"[0.0, 1.0, 2.0]", 200, 0.35, 8.0, 0.15, 0, 0.005, 0.4, 0.6, 0.7, 31, 0.002109704641350211, 2, 2.0, 673, 1.0,200
"[0.0, 1.0, 2.0]", 200, 0.35, 8.0, 0.15, 0, 0.005, 0.4, 0.6, 0.7, 32, 0.005208333333333333, 2, 2.0, 391, 1.0,199
"[0.0, 1.0, 2.0]", 200, 0.35, 8.0, 0.15, 0, 0.005, 0.4, 0.6, 0.7, 33, 0.004739336492890996, 2, 2.0, 410, 1.0,200
"[0.0, 1.0, 2.0]", 200, 0.35, 8.0, 0.15, 0, 0.005, 0.4, 0.6, 0.7, 34, 0.003048780487804878, 1, 1.0, 527, 0.0,1
"[0.0, 1.0, 2.0]", 200, 0.35, 8.0, 0.15, 0, 0.005, 0.4, 0.6, 0.7, 35, 0.005376344086021506, 2, 2.0, 385, 1.0,200
"[0.0, 1.0, 2.0]", 200, 0.35, 8.0, 0.15, 0, 0.005, 0.4, 0.6, 0.7, 36, 0.002288329519450801, 2, 2.0, 636, 1.0,200
"[0.0, 1.0, 2.0]", 200, 0.35, 8.0, 0.15, 0, 0.005, 0.4, 0.6, 0.7, 37, 0.00392156862745098, 2, 2.0, 454, 1.0,200
"[0.0, 1.0, 2.0]", 200, 0.35, 8.0, 0.15, 0, 0.005, 0.4, 0.6, 0.7, 38, 0.0036231884057971015, 2, 2.0, 475, 1.0,200
"[0.0, 1.0, 2.0]", 200, 0.35, 8.0, 0.15, 0, 0.005, 0.4, 0.6, 0.7, 39, 0.0018050541516245488, 2, 2.0, 753, 1.0,199
"[0.0, 1.0, 2.0]", 200, 0.35, 8.0, 0.15, 0, 0.005, 0.4, 0.6, 0.7, 40, 0.00078064012490242, 2, 2.0, 1480, 1.0,200
"[0.0, 1.0, 2.0]", 200, 0.35, 8.0, 0.15, 0, 0.005, 0.4, 0.6, 0.7, 41, 0.0044444444444444444, 2, 2.0, 424, 1.0,200
"[0.0, 1.0, 2.0]", 200, 0.35, 8.0, 0.15, 0, 0.005, 0.4, 0.6, 0.7, 42, 0.0055248618784530384, 2, 2.0, 380, 1.0,197
"[0.0, 1.0, 2.0]", 200, 0.35, 8.0, 0.15, 0, 0.005, 0.4, 0.6, 0.7, 43, 0.004545454545454545, 2, 2.0, 419, 1.0,200
"[0.0, 1.0, 2.0]", 200, 0.35, 8.0, 0.15, 0, 0.005, 0.4, 0.6, 0.7, 44, 0.006024096385542169, 2, 2.0, 365, 1.0,200
"[0.0, 1.0, 2.0]", 200, 0.35, 8.0, 0.15, 0, 0.005, 0.4, 0.6, 0.7, 45, 0.0012165450121654502, 2, 2.0, 1021, 1.0,200
"[0.0, 1.0, 2.0]", 200, 0.35, 8.0, 0.15, 0, 0.005, 0.4, 0.6, 0.7, 46, 0.001851851851851852, 2, 2.0, 739, 1.0,200
"[0.0, 1.0, 2.0]", 200, 0.35, 8.0, 0.15, 0, 0.005, 0.4, 0.6, 0.7, 47, 0.0009587727708533077, 2, 2.0, 1242, 1.0,200
"[0.0, 1.0, 2.0]", 200, 0.35, 8.0, 0.15, 0, 0.005, 0.4, 0.6, 0.7, 48, 0.0009514747859181732, 2, 2.0, 1250, 1.0,200
"[0.0, 1.0, 2.0]", 200, 0.35, 8.0, 0.15, 0, 0.005, 0.4, 0.6, 0.7, 49, 0.0029585798816568047, 2, 2.0, 537, 1.0,200
nest_qualities, num_ants, pop_coeff, lambda_sigmoid, QUORUM_THRE, QUORUM_OFFSET, search_find, follow_find, lead_forward, transport, run_number, score, conv_nest, conv_nest_quality, avg_rounds_til_empty, avg_brood_good, avg_pop_good_nest
nest_qualities, num_ants, pop_coeff, lambda_sigmoid, QUORUM_THRE, QUORUM_OFFSET, search_find, follow_find, lead_forward, transport, run_number, score, conv_nest, conv_nest_quality, avg_rounds_til_empty, avg_brood_good, avg_pop_good_nest
nest_qualities, num_ants, pop_coeff, lambda_sigmoid, QUORUM_THRE, QUORUM_OFFSET, search_find, follow_find, lead_forward, transport, run_number, score, conv_nest, conv_nest_quality, avg_rounds_til_empty, avg_brood_good, avg_pop_good_nest
"[0.0, 1.0, 2.0]", 200, 0.35, 8.0, 0.15, 0, 0.005, 0.4, 0.6, 0.7, 0, 0.004807692307692308, 2, 2.0, 407, 1.0,200
"[0.0, 1.0, 2.0]", 200, 0.35, 8.0, 0.15, 0, 0.005, 0.4, 0.6, 0.7, 1, 0.0023923444976076554, 2, 2.0, 617, 1.0,200
"[0.0, 1.0, 2.0]", 200, 0.35, 8.0, 0.15, 0, 0.005, 0.4, 0.6, 0.7, 2, 0.0033112582781456954, 2, 2.0, 501, 1.0,198
"[0.0, 1.0, 2.0]", 200, 0.35, 8.0, 0.15, 0, 0.005, 0.4, 0.6, 0.7, 3, 0.0033783783783783786, 2, 2.0, 495, 1.0,196
"[0.0, 1.0, 2.0]", 200, 0.35, 8.0, 0.15, 0, 0.005, 0.4, 0.6, 0.7, 4, 0.001669449081803005, 2, 2.0, 798, 1.0,200
"[0.0, 1.0, 2.0]", 200, 0.35, 8.0, 0.15, 0, 0.005, 0.4, 0.6, 0.7, 5, 0.00392156862745098, 2, 2.0, 454, 1.0,197
"[0.0, 1.0, 2.0]", 200, 0.35, 8.0, 0.15, 0, 0.005, 0.4, 0.6, 0.7, 6, 0.0030211480362537764, 2, 2.0, 530, 1.0,200
"[0.0, 1.0, 2.0]", 200, 0.35, 8.0, 0.15, 0, 0.005, 0.4, 0.6, 0.7, 7, 0.0010224948875255625, 2, 2.0, 1177, 1.0,200
"[0.0, 1.0, 2.0]", 200, 0.35, 8.0, 0.15, 0, 0.005, 0.4, 0.6, 0.7, 8, 0.004901960784313725, 2, 2.0, 403, 1.0,200
"[0.0, 1.0, 2.0]", 200, 0.35, 8.0, 0.15, 0, 0.005, 0.4, 0.6, 0.7, 9, 0.002336448598130841, 2, 2.0, 627, 1.0,200
"[0.0, 1.0, 2.0]", 200, 0.35, 8.0, 0.15, 0, 0.005, 0.4, 0.6, 0.7, 10, 0.004347826086956522, 2, 2.0, 429, 1.0,200
"[0.0, 1.0, 2.0]", 200, 0.35, 8.0, 0.15, 0, 0.005, 0.4, 0.6, 0.7, 11, 0.003278688524590164, 2, 2.0, 504, 1.0,200
"[0.0, 1.0, 2.0]", 200, 0.35, 8.0, 0.15, 0, 0.005, 0.4, 0.6, 0.7, 12, 0.004694835680751174, 2, 2.0, 412, 1.0,200
"[0.0, 1.0, 2.0]", 200, 0.35, 8.0, 0.15, 0, 0.005, 0.4, 0.6, 0.7, 13, 0.0037593984962406013, 2, 2.0, 465, 1.0,200
"[0.0, 1.0, 2.0]", 200, 0.35, 8.0, 0.15, 0, 0.005, 0.4, 0.6, 0.7, 14, 0.001059322033898305, 2, 2.0, 1143, 1.0,200
"[0.0, 1.0, 2.0]", 200, 0.35, 8.0, 0.15, 0, 0.005, 0.4, 0.6, 0.7, 15, 0.004, 2, 2.0, 449, 1.0,200
"[0.0, 1.0, 2.0]", 200, 0.35, 8.0, 0.15, 0, 0.005, 0.4, 0.6, 0.7, 16, 0.00425531914893617, 2, 2.0, 434, 1.0,200
"[0.0, 1.0, 2.0]", 200, 0.35, 8.0, 0.15, 0, 0.005, 0.4, 0.6, 0.7, 17, 0.00392156862745098, 1, 1.0, 454, 0.0,4
"[0.0, 1.0, 2.0]", 200, 0.35, 8.0, 0.15, 0, 0.005, 0.4, 0.6, 0.7, 18, 0.004273504273504274, 2, 2.0, 433, 1.0,200
"[0.0, 1.0, 2.0]", 200, 0.35, 8.0, 0.15, 0, 0.005, 0.4, 0.6, 0.7, 19, 0.002617801047120419, 2, 2.0, 581, 1.0,200
"[0.0, 1.0, 2.0]", 200, 0.35, 8.0, 0.15, 0, 0.005, 0.4, 0.6, 0.7, 20, 0.002777777777777778, 2, 2.0, 559, 1.0,198
"[0.0, 1.0, 2.0]", 200, 0.35, 8.0, 0.15, 0, 0.005, 0.4, 0.6, 0.7, 21, 0.004784688995215311, 2, 2.0, 408, 1.0,200
"[0.0, 1.0, 2.0]", 200, 0.35, 8.0, 0.15, 0, 0.005, 0.4, 0.6, 0.7, 22, 0.002304147465437788, 1, 1.0, 633, 0.0,1
"[0.0, 1.0, 2.0]", 200, 0.35, 8.0, 0.15, 0, 0.005, 0.4, 0.6, 0.7, 23, 0.004784688995215311, 2, 2.0, 408, 1.0,200
"[0.0, 1.0, 2.0]", 200, 0.35, 8.0, 0.15, 0, 0.005, 0.4, 0.6, 0.7, 24, 0.002403846153846154, 2, 2.0, 615, 1.0,200
"[0.0, 1.0, 2.0]", 200, 0.35, 8.0, 0.15, 0, 0.005, 0.4, 0.6, 0.7, 25, 0.002457002457002457, 2, 2.0, 606, 1.0,200
"[0.0, 1.0, 2.0]", 200, 0.35, 8.0, 0.15, 0, 0.005, 0.4, 0.6, 0.7, 26, 0.0043859649122807015, 2, 2.0, 427, 1.0,200
"[0.0, 1.0, 2.0]", 200, 0.35, 8.0, 0.15, 0, 0.005, 0.4, 0.6, 0.7, 27, 0.004201680672268907, 2, 2.0, 437, 1.0,200
"[0.0, 1.0, 2.0]", 200, 0.35, 8.0, 0.15, 0, 0.005, 0.4, 0.6, 0.7, 28, 0.0017761989342806395, 2, 2.0, 762, 1.0,200
"[0.0, 1.0, 2.0]", 200, 0.35, 8.0, 0.15, 0, 0.005, 0.4, 0.6, 0.7, 29, 0.0056179775280898875, 2, 2.0, 377, 1.0,199
"[0.0, 1.0, 2.0]", 200, 0.35, 8.0, 0.15, 0, 0.005, 0.4, 0.6, 0.7, 30, 0.0023094688221709007, 2, 2.0, 632, 1.0,200
"[0.0, 1.0, 2.0]", 200, 0.35, 8.0, 0.15, 0, 0.005, 0.4, 0.6, 0.7, 31, 0.0017421602787456446, 2, 2.0, 773, 1.0,199
"[0.0, 1.0, 2.0]", 200, 0.35, 8.0, 0.15, 0, 0.005, 0.4, 0.6, 0.7, 32, 0.005319148936170213, 2, 2.0, 387, 1.0,200
"[0.0, 1.0, 2.0]", 200, 0.35, 8.0, 0.15, 0, 0.005, 0.4, 0.6, 0.7, 33, 0.0010471204188481676, 1, 1.0, 1154, 0.0,0
"[0.0, 1.0, 2.0]", 200, 0.35, 8.0, 0.15, 0, 0.005, 0.4, 0.6, 0.7, 34, 0.003003003003003003, 2, 2.0, 532, 1.0,200
"[0.0, 1.0, 2.0]", 200, 0.35, 8.0, 0.15, 0, 0.005, 0.4, 0.6, 0.7, 35, 0.002, 2, 2.0, 699, 1.0,200
"[0.0, 1.0, 2.0]", 200, 0.35, 8.0, 0.15, 0, 0.005, 0.4, 0.6, 0.7, 36, 0.003816793893129771, 2, 2.0, 461, 1.0,200
"[0.0, 1.0, 2.0]", 200, 0.35, 8.0, 0.15, 0, 0.005, 0.4, 0.6, 0.7, 37, 0.005291005291005291, 2, 2.0, 388, 1.0,200
"[0.0, 1.0, 2.0]", 200, 0.35, 8.0, 0.15, 0, 0.005, 0.4, 0.6, 0.7, 38, 0.0033783783783783786, 1, 1.0, 495, 0.0,2
"[0.0, 1.0, 2.0]", 200, 0.35, 8.0, 0.15, 0, 0.005, 0.4, 0.6, 0.7, 39, 0.0014970059880239522, 2, 2.0, 867, 1.0,200
"[0.0, 1.0, 2.0]", 200, 0.35, 8.0, 0.15, 0, 0.005, 0.4, 0.6, 0.7, 40, 0.00129366106080207, 2, 2.0, 972, 1.0,200
"[0.0, 1.0, 2.0]", 200, 0.35, 8.0, 0.15, 0, 0.005, 0.4, 0.6, 0.7, 41, 0.001524390243902439, 2, 2.0, 855, 1.0,200
"[0.0, 1.0, 2.0]", 200, 0.35, 8.0, 0.15, 0, 0.005, 0.4, 0.6, 0.7, 42, 0.001652892561983471, 2, 2.0, 804, 1.0,200
"[0.0, 1.0, 2.0]", 200, 0.35, 8.0, 0.15, 0, 0.005, 0.4, 0.6, 0.7, 43, 0.0018656716417910447, 2, 2.0, 735, 1.0,200
"[0.0, 1.0, 2.0]", 200, 0.35, 8.0, 0.15, 0, 0.005, 0.4, 0.6, 0.7, 44, 0.0020964360587002098, 2, 2.0, 676, 1.0,200
"[0.0, 1.0, 2.0]", 200, 0.35, 8.0, 0.15, 0, 0.005, 0.4, 0.6, 0.7, 45, 0.001358695652173913, 2, 2.0, 935, 1.0,199
"[0.0, 1.0, 2.0]", 200, 0.35, 8.0, 0.15, 0, 0.005, 0.4, 0.6, 0.7, 46, 0.0038022813688212928, 2, 2.0, 462, 1.0,200
"[0.0, 1.0, 2.0]", 200, 0.35, 8.0, 0.15, 0, 0.005, 0.4, 0.6, 0.7, 47, 0.0018552875695732839, 2, 2.0, 738, 1.0,200
"[0.0, 1.0, 2.0]", 200, 0.35, 8.0, 0.15, 0, 0.005, 0.4, 0.6, 0.7, 48, 0.0010548523206751054, 2, 2.0, 1147, 1.0,200
"[0.0, 1.0, 2.0]", 200, 0.35, 8.0, 0.15, 0, 0.005, 0.4, 0.6, 0.7, 49, 0.0029498525073746312, 2, 2.0, 538, 1.0,199
nest_qualities, num_ants, pop_coeff, lambda_sigmoid, QUORUM_THRE, QUORUM_OFFSET, search_find, follow_find, lead_forward, transport, run_number, score, conv_nest, conv_nest_quality, avg_rounds_til_empty, avg_brood_good, avg_pop_good_nest
"[0.0, 1.0, 2.0]", 326, 0.35, 8.0, 0.15, 0, 0.005, 0.4, 0.6, 0.7, 0, 0.0011876484560570072, 2, 2.0, 1041, 1.0,326
"[0.0, 1.0, 2.0]", 326, 0.35, 8.0, 0.15, 0, 0.005, 0.4, 0.6, 0.7, 1, 0.0011976047904191617, 1, 1.0, 1034, 0.0,0
"[0.0, 1.0, 2.0]", 326, 0.35, 8.0, 0.15, 0, 0.005, 0.4, 0.6, 0.7, 2, 0.002702702702702703, 2, 2.0, 569, 1.0,326
"[0.0, 1.0, 2.0]", 326, 0.35, 8.0, 0.15, 0, 0.005, 0.4, 0.6, 0.7, 3, 0.0022935779816513763, 2, 2.0, 635, 1.0,326
"[0.0, 1.0, 2.0]", 326, 0.35, 8.0, 0.15, 0, 0.005, 0.4, 0.6, 0.7, 4, 0.0016722408026755853, 2, 2.0, 797, 1.0,326
"[0.0, 1.0, 2.0]", 326, 0.35, 8.0, 0.15, 0, 0.005, 0.4, 0.6, 0.7, 5, 0.0035714285714285713, 2, 2.0, 479, 1.0,326
"[0.0, 1.0, 2.0]", 326, 0.35, 8.0, 0.15, 0, 0.005, 0.4, 0.6, 0.7, 6, 0.003968253968253968, 2, 2.0, 451, 1.0,325
"[0.0, 1.0, 2.0]", 326, 0.35, 8.0, 0.15, 0, 0.005, 0.4, 0.6, 0.7, 7, 0.004830917874396135, 2, 2.0, 406, 1.0,325
"[0.0, 1.0, 2.0]", 326, 0.35, 8.0, 0.15, 0, 0.005, 0.4, 0.6, 0.7, 8, 0.0022123893805309734, 2, 2.0, 651, 1.0,326
"[0.0, 1.0, 2.0]", 326, 0.35, 8.0, 0.15, 0, 0.005, 0.4, 0.6, 0.7, 9, 0.0026954177897574125, 2, 2.0, 570, 1.0,326
"[0.0, 1.0, 2.0]", 326, 0.35, 8.0, 0.15, 0, 0.005, 0.4, 0.6, 0.7, 10, 0.001644736842105263, 2, 2.0, 807, 1.0,326
"[0.0, 1.0, 2.0]", 326, 0.35, 8.0, 0.15, 0, 0.005, 0.4, 0.6, 0.7, 11, 0.0014084507042253522, 2, 2.0, 909, 1.0,326
"[0.0, 1.0, 2.0]", 326, 0.35, 8.0, 0.15, 0, 0.005, 0.4, 0.6, 0.7, 12, 0.004310344827586207, 2, 2.0, 431, 1.0,326
"[0.0, 1.0, 2.0]", 326, 0.35, 8.0, 0.15, 0, 0.005, 0.4, 0.6, 0.7, 13, 0.0015552099533437014, 2, 2.0, 842, 1.0,326
"[0.0, 1.0, 2.0]", 326, 0.35, 8.0, 0.15, 0, 0.005, 0.4, 0.6, 0.7, 14, 0.0025906735751295338, 2, 2.0, 585, 1.0,326
"[0.0, 1.0, 2.0]", 326, 0.35, 8.0, 0.15, 0, 0.005, 0.4, 0.6, 0.7, 15, 0.0034482758620689655, 2, 2.0, 489, 1.0,326
"[0.0, 1.0, 2.0]", 326, 0.35, 8.0, 0.15, 0, 0.005, 0.4, 0.6, 0.7, 16, 0.0031847133757961785, 2, 2.0, 513, 1.0,326
"[0.0, 1.0, 2.0]", 326, 0.35, 8.0, 0.15, 0, 0.005, 0.4, 0.6, 0.7, 17, 0.0026109660574412533, 2, 2.0, 582, 1.0,325
"[0.0, 1.0, 2.0]", 326, 0.35, 8.0, 0.15, 0, 0.005, 0.4, 0.6, 0.7, 18, 0.003472222222222222, 2, 2.0, 487, 1.0,326
"[0.0, 1.0, 2.0]", 326, 0.35, 8.0, 0.15, 0, 0.005, 0.4, 0.6, 0.7, 19, 0.003787878787878788, 2, 2.0, 463, 1.0,325
"[0.0, 1.0, 2.0]", 326, 0.35, 8.0, 0.15, 0, 0.005, 0.4, 0.6, 0.7, 20, 0.0034482758620689655, 2, 2.0, 489, 1.0,326
"[0.0, 1.0, 2.0]", 326, 0.35, 8.0, 0.15, 0, 0.005, 0.4, 0.6, 0.7, 21, 0.0023148148148148147, 2, 2.0, 631, 1.0,325
"[0.0, 1.0, 2.0]", 326, 0.35, 8.0, 0.15, 0, 0.005, 0.4, 0.6, 0.7, 22, 0.0016051364365971107, 1, 1.0, 822, 0.0,2
"[0.0, 1.0, 2.0]", 326, 0.35, 8.0, 0.15, 0, 0.005, 0.4, 0.6, 0.7, 23, 0.003003003003003003, 2, 2.0, 532, 1.0,310
"[0.0, 1.0, 2.0]", 326, 0.35, 8.0, 0.15, 0, 0.005, 0.4, 0.6, 0.7, 24, 0.0017331022530329288, 2, 2.0, 776, 1.0,326
"[0.0, 1.0, 2.0]", 326, 0.35, 8.0, 0.15, 0, 0.005, 0.4, 0.6, 0.7, 25, 0.0035971223021582736, 2, 2.0, 477, 1.0,326
"[0.0, 1.0, 2.0]", 326, 0.35, 8.0, 0.15, 0, 0.005, 0.4, 0.6, 0.7, 26, 0.0027472527472527475, 2, 2.0, 563, 1.0,326
"[0.0, 1.0, 2.0]", 326, 0.35, 8.0, 0.15, 0, 0.005, 0.4, 0.6, 0.7, 27, 0.0018656716417910447, 2, 2.0, 735, 1.0,326
"[0.0, 1.0, 2.0]", 326, 0.35, 8.0, 0.15, 0, 0.005, 0.4, 0.6, 0.7, 28, 0.00117096018735363, 2, 2.0, 1053, 1.0,325
"[0.0, 1.0, 2.0]", 326, 0.35, 8.0, 0.15, 0, 0.005, 0.4, 0.6, 0.7, 29, 0.003355704697986577, 2, 2.0, 497, 1.0,324
"[0.0, 1.0, 2.0]", 326, 0.35, 8.0, 0.15, 0, 0.005, 0.4, 0.6, 0.7, 30, 0.002793296089385475, 2, 2.0, 557, 1.0,326
"[0.0, 1.0, 2.0]", 326, 0.35, 8.0, 0.15, 0, 0.005, 0.4, 0.6, 0.7, 31, 0.002028397565922921, 2, 2.0, 692, 1.0,326
"[0.0, 1.0, 2.0]", 326, 0.35, 8.0, 0.15, 0, 0.005, 0.4, 0.6, 0.7, 32, 0.0010787486515641855, 2, 2.0, 1126, 1.0,317
"[0.0, 1.0, 2.0]", 326, 0.35, 8.0, 0.15, 0, 0.005, 0.4, 0.6, 0.7, 33, 0.002564102564102564, 2, 2.0, 589, 1.0,326
"[0.0, 1.0, 2.0]", 326, 0.35, 8.0, 0.15, 0, 0.005, 0.4, 0.6, 0.7, 34, 0.0015527950310559005, 2, 2.0, 843, 1.0,326
"[0.0, 1.0, 2.0]", 326, 0.35, 8.0, 0.15, 0, 0.005, 0.4, 0.6, 0.7, 35, 0.0033783783783783786, 2, 2.0, 495, 1.0,325
"[0.0, 1.0, 2.0]", 326, 0.35, 8.0, 0.15, 0, 0.005, 0.4, 0.6, 0.7, 36, 0.0013227513227513227, 2, 2.0, 955, 1.0,326
"[0.0, 1.0, 2.0]", 326, 0.35, 8.0, 0.15, 0, 0.005, 0.4, 0.6, 0.7, 37, 0.00273224043715847, 2, 2.0, 565, 1.0,326
"[0.0, 1.0, 2.0]", 326, 0.35, 8.0, 0.15, 0, 0.005, 0.4, 0.6, 0.7, 38, 0.002036659877800407, 2, 2.0, 690, 1.0,326
"[0.0, 1.0, 2.0]", 326, 0.35, 8.0, 0.15, 0, 0.005, 0.4, 0.6, 0.7, 39, 0.0018148820326678765, 2, 2.0, 750, 1.0,326
"[0.0, 1.0, 2.0]", 326, 0.35, 8.0, 0.15, 0, 0.005, 0.4, 0.6, 0.7, 40, 0.0018656716417910447, 2, 2.0, 735, 1.0,326
"[0.0, 1.0, 2.0]", 326, 0.35, 8.0, 0.15, 0, 0.005, 0.4, 0.6, 0.7, 41, 0.0023094688221709007, 2, 2.0, 632, 1.0,326
"[0.0, 1.0, 2.0]", 326, 0.35, 8.0, 0.15, 0, 0.005, 0.4, 0.6, 0.7, 42, 0.0034602076124567475, 2, 2.0, 488, 1.0,325
"[0.0, 1.0, 2.0]", 326, 0.35, 8.0, 0.15, 0, 0.005, 0.4, 0.6, 0.7, 43, 0.0015082956259426848, 1, 1.0, 862, 0.0,0
"[0.0, 1.0, 2.0]", 326, 0.35, 8.0, 0.15, 0, 0.005, 0.4, 0.6, 0.7, 44, 0.0009398496240601503, 2, 2.0, 1263, 1.0,326
"[0.0, 1.0, 2.0]", 326, 0.35, 8.0, 0.15, 0, 0.005, 0.4, 0.6, 0.7, 45, 0.0015082956259426848, 2, 2.0, 862, 1.0,326
"[0.0, 1.0, 2.0]", 326, 0.35, 8.0, 0.15, 0, 0.005, 0.4, 0.6, 0.7, 46, 0.0026595744680851063, 2, 2.0, 575, 1.0,326
"[0.0, 1.0, 2.0]", 326, 0.35, 8.0, 0.15, 0, 0.005, 0.4, 0.6, 0.7, 47, 0.0029585798816568047, 2, 2.0, 537, 1.0,326
"[0.0, 1.0, 2.0]", 326, 0.35, 8.0, 0.15, 0, 0.005, 0.4, 0.6, 0.7, 48, 0.0029585798816568047, 2, 2.0, 537, 1.0,326
"[0.0, 1.0, 2.0]", 326, 0.35, 8.0, 0.15, 0, 0.005, 0.4, 0.6, 0.7, 49, 0.003436426116838488, 2, 2.0, 490, 1.0,326
nest_qualities, num_ants, pop_coeff, lambda_sigmoid, QUORUM_THRE, QUORUM_OFFSET, search_find, follow_find, lead_forward, transport, run_number, score, conv_nest, conv_nest_quality, avg_rounds_til_empty, avg_brood_good, avg_pop_good_nest
"[0.0, 1.0, 2.0]", 326, 0.35, 8.0, 0.15, 0, 0.005, 0.4, 0.6, 0.7, 0, 0.0044444444444444444, 2, 2.0, 424, 1.0,326
"[0.0, 1.0, 2.0]", 326, 0.35, 8.0, 0.15, 0, 0.005, 0.4, 0.6, 0.7, 1, 0.0033222591362126247, 2, 2.0, 500, 1.0,326
"[0.0, 1.0, 2.0]", 326, 0.35, 8.0, 0.15, 0, 0.005, 0.4, 0.6, 0.7, 2, 0.0038461538461538464, 2, 2.0, 459, 1.0,326
"[0.0, 1.0, 2.0]", 326, 0.35, 8.0, 0.15, 0, 0.005, 0.4, 0.6, 0.7, 3, 0.0023923444976076554, 2, 2.0, 617, 1.0,326
"[0.0, 1.0, 2.0]", 326, 0.35, 8.0, 0.15, 0, 0.005, 0.4, 0.6, 0.7, 4, 0.0025575447570332483, 2, 2.0, 590, 1.0,325
"[0.0, 1.0, 2.0]", 326, 0.35, 8.0, 0.15, 0, 0.005, 0.4, 0.6, 0.7, 5, 0.003436426116838488, 2, 2.0, 490, 1.0,326
"[0.0, 1.0, 2.0]", 326, 0.35, 8.0, 0.15, 0, 0.005, 0.4, 0.6, 0.7, 6, 0.002127659574468085, 2, 2.0, 669, 1.0,326
"[0.0, 1.0, 2.0]", 326, 0.35, 8.0, 0.15, 0, 0.005, 0.4, 0.6, 0.7, 7, 0.004081632653061225, 2, 2.0, 444, 1.0,322
"[0.0, 1.0, 2.0]", 326, 0.35, 8.0, 0.15, 0, 0.005, 0.4, 0.6, 0.7, 8, 0.003134796238244514, 2, 2.0, 518, 1.0,324
"[0.0, 1.0, 2.0]", 326, 0.35, 8.0, 0.15, 0, 0.005, 0.4, 0.6, 0.7, 9, 0.003389830508474576, 2, 2.0, 494, 1.0,326
nest_qualities, num_ants, pop_coeff, lambda_sigmoid, QUORUM_THRE, QUORUM_OFFSET, search_find, follow_find, lead_forward, transport, run_number, score, conv_nest, conv_nest_quality, avg_rounds_til_empty, avg_brood_good, avg_pop_good_nest
"[0.0, 1.0, 2.0]", 326, 0.35, 8.0, 0.15, 0, 0.005, 0.4, 0.6, 0.7, 0, 0.0030303030303030303, 2, 2.0, 529, 1.0,326
"[0.0, 1.0, 2.0]", 326, 0.35, 8.0, 0.15, 0, 0.005, 0.4, 0.6, 0.7, 1, 0.0017543859649122807, 2, 2.0, 769, 1.0,326
"[0.0, 1.0, 2.0]", 326, 0.35, 8.0, 0.15, 0, 0.005, 0.4, 0.6, 0.7, 2, 0.0024752475247524753, 2, 2.0, 603, 1.0,326
"[0.0, 1.0, 2.0]", 326, 0.35, 8.0, 0.15, 0, 0.005, 0.4, 0.6, 0.7, 3, 0.0012165450121654502, 2, 2.0, 1021, 1.0,326
"[0.0, 1.0, 2.0]", 326, 0.35, 8.0, 0.15, 0, 0.005, 0.4, 0.6, 0.7, 4, 0.0008006405124099279, 2, 2.0, 1448, 1.0,326
"[0.0, 1.0, 2.0]", 326, 0.35, 8.0, 0.15, 0, 0.005, 0.4, 0.6, 0.7, 5, 0.0011441647597254005, 2, 2.0, 1073, 1.0,326
"[0.0, 1.0, 2.0]", 326, 0.35, 8.0, 0.15, 0, 0.005, 0.4, 0.6, 0.7, 6, 0.0037735849056603774, 2, 2.0, 464, 1.0,326
"[0.0, 1.0, 2.0]", 326, 0.35, 8.0, 0.15, 0, 0.005, 0.4, 0.6, 0.7, 7, 0.002577319587628866, 2, 2.0, 587, 1.0,326
"[0.0, 1.0, 2.0]", 326, 0.35, 8.0, 0.15, 0, 0.005, 0.4, 0.6, 0.7, 8, 0.002967359050445104, 2, 2.0, 536, 1.0,326
"[0.0, 1.0, 2.0]", 326, 0.35, 8.0, 0.15, 0, 0.005, 0.4, 0.6, 0.7, 9, 0.0015220700152207, 2, 2.0, 856, 1.0,326
nest_qualities, num_ants, pop_coeff, lambda_sigmoid, QUORUM_THRE, QUORUM_OFFSET, search_find, follow_find, lead_forward, transport, run_number, score, conv_nest, conv_nest_quality, avg_rounds_til_empty, avg_brood_good, avg_pop_good_nest
"[0.0, 1.0, 2.0]", 326, 0.35, 8.0, 0.15, 0, 0.005, 0.4, 0.6, 0.7, 0, 0.003389830508474576, 2, 2.0, 494, 1.0,326
"[0.0, 1.0, 2.0]", 326, 0.35, 8.0, 0.15, 0, 0.005, 0.4, 0.6, 0.7, 1, 0.001059322033898305, 2, 2.0, 1143, 1.0,326
"[0.0, 1.0, 2.0]", 326, 0.35, 8.0, 0.15, 0, 0.005, 0.4, 0.6, 0.7, 2, 0.0009033423667570009, 2, 2.0, 1306, 1.0,326
"[0.0, 1.0, 2.0]", 326, 0.35, 8.0, 0.15, 0, 0.005, 0.4, 0.6, 0.7, 3, 0.003745318352059925, 2, 2.0, 466, 1.0,326
"[0.0, 1.0, 2.0]", 326, 0.35, 8.0, 0.15, 0, 0.005, 0.4, 0.6, 0.7, 4, 0.002564102564102564, 2, 2.0, 589, 1.0,321
"[0.0, 1.0, 2.0]", 326, 0.35, 8.0, 0.15, 0, 0.005, 0.4, 0.6, 0.7, 5, 0.0037313432835820895, 2, 2.0, 467, 1.0,326
"[0.0, 1.0, 2.0]", 326, 0.35, 8.0, 0.15, 0, 0.005, 0.4, 0.6, 0.7, 6, 0.0017123287671232876, 2, 2.0, 783, 1.0,326
"[0.0, 1.0, 2.0]", 326, 0.35, 8.0, 0.15, 0, 0.005, 0.4, 0.6, 0.7, 7, 0.0011904761904761906, 2, 2.0, 1039, 1.0,326
"[0.0, 1.0, 2.0]", 326, 0.35, 8.0, 0.15, 0, 0.005, 0.4, 0.6, 0.7, 8, 0.001183431952662722, 2, 2.0, 1044, 1.0,325
"[0.0, 1.0, 2.0]", 326, 0.35, 8.0, 0.15, 0, 0.005, 0.4, 0.6, 0.7, 9, 0.0014992503748125937, 2, 2.0, 866, 1.0,326
